run_id,dataset,model,baseline,actual_examples,complete,accuracy,num_correct,avg_forward_passes,avg_wall_time_sec,extraction_pattern,extraction_vote,extraction_fallback,extraction_none,stored_metrics_match,stored_scores_match,issues
check_proseco,gsm8k,proseco_llada_sft,vanilla,100,True,0.77,77,247.65,23.67188616514206,84,0,13,3,True,True,
check_proseco_off,gsm8k,proseco_llada_sft,vanilla,100,True,0.82,82,136.32,12.682056436538696,88,0,11,1,True,True,
check_proseco_on_llada,gsm8k,proseco_sampler_llada_instruct,vanilla,100,True,0.09,9,153.88,12.559663426876067,6,0,76,18,True,True,
check_remedi,gsm8k,remedi_rl,vanilla,100,True,0.83,83,265.0,13.939378843307495,87,0,13,0,True,True,
dapd_gsm8k_dream,gsm8k,dapd_dream,vanilla,1319,True,0.6383623957543594,842,48.02047005307051,5.4426429237354155,1263,0,54,2,True,True,
dapd_gsm8k_llada,gsm8k,dapd_llada,vanilla,1319,True,0.7915087187263078,1044,64.68612585291888,5.122429008642953,1287,0,32,0,True,True,
dapd_proofwriter_d3_dream,proofwriter,dapd_dream,vanilla,600,True,0.62,372,25.515,3.413063439130783,600,0,0,0,True,True,
dapd_proofwriter_d3_llada,proofwriter,dapd_llada,vanilla,600,True,0.7133333333333334,428,88.73,10.611878493626913,600,0,0,0,True,True,
dapd_svamp_dream,svamp,dapd_dream,vanilla,1000,True,0.777,777,42.303,4.5198029711246495,970,0,29,1,True,True,
dapd_svamp_llada,svamp,dapd_llada,vanilla,1000,True,0.867,867,57.109,5.27773202419281,982,0,18,0,True,True,
proseco_gsm8k,gsm8k,proseco_llada_sft,vanilla,1319,True,0.7414708112206216,978,269.11523881728584,18.353516660015,1106,0,178,35,True,True,
proseco_proofwriter_d3,proofwriter,proseco_llada_sft,vanilla,600,True,0.5366666666666666,322,390.29333333333335,33.575018657048545,452,0,61,87,True,True,
proseco_svamp,svamp,proseco_llada_sft,vanilla,1000,True,0.873,873,105.203,7.282001231193543,958,0,20,22,True,True,
remedi_rl_gsm8k,gsm8k,remedi_rl,vanilla,1319,True,0.7482941622441244,987,265.0,10.267624433154495,1105,0,214,0,True,True,
remedi_rl_proofwriter_d3,proofwriter,remedi_rl,vanilla,600,True,0.5883333333333334,353,265.0,10.715344496568044,473,0,7,120,True,True,
remedi_rl_svamp,svamp,remedi_rl,vanilla,1000,True,0.933,933,265.0,12.717621431589127,997,0,3,0,True,True,
vanilla_gsm8k_dream,gsm8k,dream_7b,vanilla,1319,True,0.8036391205458681,1060,256.0,29.208974957918016,1266,0,53,0,True,True,
vanilla_gsm8k_llada,gsm8k,llada_8b,vanilla,1319,True,0.8059135708870356,1063,256.0,26.797260393420345,1256,0,63,0,True,True,
vanilla_proofwriter_d3_dream,proofwriter,dream_7b,vanilla,600,True,0.44333333333333336,266,256.0,21.090094124873477,430,0,2,168,True,True,
vanilla_proofwriter_d3_llada,proofwriter,llada_8b,vanilla,600,True,0.675,405,256.0,29.187002089420954,598,0,2,0,True,True,
vanilla_svamp_dream,svamp,dream_7b,vanilla,1000,True,0.854,854,256.0,21.299912182569503,978,0,22,0,True,True,
vanilla_svamp_llada,svamp,llada_8b,vanilla,1000,True,0.884,884,256.0,23.430524076461793,975,0,25,0,True,True,
vote_gsm8k_dream,gsm8k,dream_7b,temporal_vote,1319,True,0.7975739196360879,1052,256.0,21.84800960657902,0,1303,16,0,True,True,
vote_gsm8k_llada,gsm8k,llada_8b,temporal_vote,1319,True,0.799090219863533,1054,256.0,16.89549963016958,0,1319,0,0,True,True,
vote_gsm8k_llada_official_256,gsm8k,llada_8b_official_vote,temporal_vote,200,True,0.8,160,128.0,8.357054547071456,0,199,1,0,True,True,
vote_proofwriter_d3_dream,proofwriter,dream_7b,temporal_vote,600,True,0.5683333333333334,341,256.0,27.587164194186528,0,542,0,58,True,True,
vote_proofwriter_d3_llada,proofwriter,llada_8b,temporal_vote,600,True,0.6766666666666666,406,256.0,21.54349332968394,0,600,0,0,True,True,
vote_svamp_dream,svamp,dream_7b,temporal_vote,1000,True,0.854,854,256.0,16.08256853914261,0,995,5,0,True,True,
vote_svamp_llada,svamp,llada_8b,temporal_vote,1000,True,0.883,883,256.0,15.568941174268723,0,1000,0,0,True,True,
